{
  "generated_at_utc": "2026-03-06T15:34:03.375762+00:00",
  "model_path": "models\\experiments\\core6_v1_run9_gpu\\best_model.keras",
  "dataset_split": "data\\structure_dataset_core6_v6_trainonly_run9\\validation",
  "samples": 680,
  "accuracy": 0.5794117647058824,
  "macro_precision": 0.6104891171521981,
  "macro_recall": 0.5966015182520511,
  "macro_f1": 0.541161851725385,
  "weighted_f1": 0.5527544533415134,
  "per_class": {
    "biometry_abdomen": {
      "precision": 0.6470588235294118,
      "recall": 0.39759036144578314,
      "f1": 0.4925373134328358,
      "support": 83
    },
    "biometry_femur": {
      "precision": 0.696551724137931,
      "recall": 0.9711538461538461,
      "f1": 0.8112449799196787,
      "support": 104
    },
    "brain_cerebellum": {
      "precision": 0.3475177304964539,
      "recall": 0.620253164556962,
      "f1": 0.44545454545454544,
      "support": 79
    },
    "brain_skull": {
      "precision": 0.8857142857142857,
      "recall": 0.1751412429378531,
      "f1": 0.29245283018867924,
      "support": 177
    },
    "brain_ventricles": {
      "precision": 0.30708661417322836,
      "recall": 0.5909090909090909,
      "f1": 0.40414507772020725,
      "support": 66
    },
    "heart_four_chamber_view": {
      "precision": 0.7790055248618785,
      "recall": 0.8245614035087719,
      "f1": 0.8011363636363636,
      "support": 171
    }
  },
  "confusion_matrix": [
    [
      33,
      19,
      1,
      0,
      0,
      30
    ],
    [
      0,
      101,
      1,
      0,
      0,
      2
    ],
    [
      0,
      2,
      49,
      1,
      25,
      2
    ],
    [
      6,
      6,
      65,
      31,
      63,
      6
    ],
    [
      0,
      2,
      22,
      3,
      39,
      0
    ],
    [
      12,
      15,
      3,
      0,
      0,
      141
    ]
  ]
}