{
  "generated_at_utc": "2026-03-05T16:28:55.302023+00:00",
  "model_path": "models\\best_model.keras",
  "dataset_split": "data\\structure_dataset_clean12\\validation",
  "samples": 1542,
  "accuracy": 0.19066147859922178,
  "macro_precision": 0.09587970767548232,
  "macro_recall": 0.13251830852823057,
  "macro_f1": 0.08184632516228257,
  "weighted_f1": 0.09462145403847659,
  "per_class": {
    "biometry_abdomen": {
      "precision": 0.0,
      "recall": 0.0,
      "f1": 0.0,
      "support": 85
    },
    "biometry_femur": {
      "precision": 0.0,
      "recall": 0.0,
      "f1": 0.0,
      "support": 104
    },
    "brain_cerebellum": {
      "precision": 0.0,
      "recall": 0.0,
      "f1": 0.0,
      "support": 83
    },
    "brain_skull": {
      "precision": 0.0,
      "recall": 0.0,
      "f1": 0.0,
      "support": 178
    },
    "brain_ventricles": {
      "precision": 0.0,
      "recall": 0.0,
      "f1": 0.0,
      "support": 80
    },
    "face_lips": {
      "precision": 0.2857142857142857,
      "recall": 0.023529411764705882,
      "f1": 0.043478260869565216,
      "support": 85
    },
    "face_nasal_bone": {
      "precision": 0.25,
      "recall": 0.08433734939759036,
      "f1": 0.12612612612612611,
      "support": 83
    },
    "face_profile": {
      "precision": 0.36936936936936937,
      "recall": 0.4823529411764706,
      "f1": 0.41836734693877553,
      "support": 85
    },
    "heart_four_chamber_view": {
      "precision": 0.0,
      "recall": 0.0,
      "f1": 0.0,
      "support": 171
    },
    "limbs_arms": {
      "precision": 0.0,
      "recall": 0.0,
      "f1": 0.0,
      "support": 186
    },
    "limbs_legs": {
      "precision": 0.2454728370221328,
      "recall": 1.0,
      "f1": 0.39418416801292405,
      "support": 244
    },
    "organs_stomach": {
      "precision": 0.0,
      "recall": 0.0,
      "f1": 0.0,
      "support": 158
    }
  },
  "confusion_matrix": [
    [
      0,
      0,
      0,
      0,
      0,
      0,
      0,
      0,
      0,
      7,
      77,
      1
    ],
    [
      0,
      0,
      0,
      0,
      0,
      0,
      0,
      0,
      0,
      8,
      87,
      9
    ],
    [
      0,
      0,
      0,
      0,
      0,
      0,
      0,
      0,
      1,
      44,
      11,
      27
    ],
    [
      0,
      0,
      0,
      0,
      0,
      0,
      0,
      0,
      0,
      85,
      52,
      41
    ],
    [
      0,
      0,
      0,
      0,
      0,
      0,
      0,
      0,
      2,
      31,
      9,
      38
    ],
    [
      0,
      0,
      0,
      0,
      0,
      2,
      13,
      32,
      0,
      12,
      13,
      13
    ],
    [
      0,
      0,
      0,
      0,
      0,
      3,
      7,
      38,
      1,
      16,
      11,
      7
    ],
    [
      0,
      0,
      0,
      0,
      0,
      2,
      8,
      41,
      0,
      12,
      11,
      11
    ],
    [
      0,
      0,
      0,
      0,
      0,
      0,
      0,
      0,
      0,
      24,
      138,
      9
    ],
    [
      0,
      0,
      0,
      0,
      0,
      0,
      0,
      0,
      0,
      0,
      186,
      0
    ],
    [
      0,
      0,
      0,
      0,
      0,
      0,
      0,
      0,
      0,
      0,
      244,
      0
    ],
    [
      0,
      0,
      0,
      0,
      0,
      0,
      0,
      0,
      0,
      3,
      155,
      0
    ]
  ]
}