{
  "generated_at_utc": "2026-03-05T16:31:02.862678+00:00",
  "model_path": "models\\best_model.keras",
  "dataset_split": "data\\structure_dataset_clean12\\test",
  "samples": 1559,
  "accuracy": 0.19114817190506736,
  "macro_precision": 0.09807933376701995,
  "macro_recall": 0.13480418363549643,
  "macro_f1": 0.08441073433755193,
  "weighted_f1": 0.09568887558036603,
  "per_class": {
    "biometry_abdomen": {
      "precision": 0.0,
      "recall": 0.0,
      "f1": 0.0,
      "support": 87
    },
    "biometry_femur": {
      "precision": 0.0,
      "recall": 0.0,
      "f1": 0.0,
      "support": 104
    },
    "brain_cerebellum": {
      "precision": 0.0,
      "recall": 0.0,
      "f1": 0.0,
      "support": 85
    },
    "brain_skull": {
      "precision": 0.0,
      "recall": 0.0,
      "f1": 0.0,
      "support": 179
    },
    "brain_ventricles": {
      "precision": 0.0,
      "recall": 0.0,
      "f1": 0.0,
      "support": 81
    },
    "face_lips": {
      "precision": 0.25,
      "recall": 0.011494252873563218,
      "f1": 0.02197802197802198,
      "support": 87
    },
    "face_nasal_bone": {
      "precision": 0.3142857142857143,
      "recall": 0.12941176470588237,
      "f1": 0.18333333333333332,
      "support": 85
    },
    "face_profile": {
      "precision": 0.36936936936936937,
      "recall": 0.47674418604651164,
      "f1": 0.41624365482233505,
      "support": 86
    },
    "heart_four_chamber_view": {
      "precision": 0.0,
      "recall": 0.0,
      "f1": 0.0,
      "support": 173
    },
    "limbs_arms": {
      "precision": 0.0,
      "recall": 0.0,
      "f1": 0.0,
      "support": 187
    },
    "limbs_legs": {
      "precision": 0.24329692154915591,
      "recall": 1.0,
      "f1": 0.3913738019169329,
      "support": 245
    },
    "organs_stomach": {
      "precision": 0.0,
      "recall": 0.0,
      "f1": 0.0,
      "support": 160
    }
  },
  "confusion_matrix": [
    [
      0,
      0,
      0,
      0,
      0,
      0,
      0,
      0,
      0,
      10,
      74,
      3
    ],
    [
      0,
      0,
      0,
      0,
      0,
      0,
      0,
      0,
      0,
      10,
      89,
      5
    ],
    [
      0,
      0,
      0,
      0,
      0,
      0,
      0,
      0,
      1,
      46,
      13,
      25
    ],
    [
      0,
      0,
      0,
      0,
      0,
      0,
      0,
      0,
      2,
      79,
      49,
      49
    ],
    [
      0,
      0,
      0,
      0,
      0,
      0,
      0,
      0,
      2,
      32,
      8,
      39
    ],
    [
      0,
      0,
      0,
      0,
      0,
      1,
      15,
      38,
      1,
      8,
      12,
      12
    ],
    [
      0,
      0,
      0,
      0,
      0,
      2,
      11,
      32,
      0,
      13,
      18,
      9
    ],
    [
      0,
      0,
      0,
      0,
      0,
      1,
      9,
      41,
      0,
      10,
      17,
      8
    ],
    [
      0,
      0,
      0,
      0,
      0,
      0,
      0,
      0,
      0,
      22,
      135,
      16
    ],
    [
      0,
      0,
      0,
      0,
      0,
      0,
      0,
      0,
      0,
      0,
      187,
      0
    ],
    [
      0,
      0,
      0,
      0,
      0,
      0,
      0,
      0,
      0,
      0,
      245,
      0
    ],
    [
      0,
      0,
      0,
      0,
      0,
      0,
      0,
      0,
      0,
      0,
      160,
      0
    ]
  ]
}