{
  "generated_at_utc": "2026-02-28T18:11:35.882528+00:00",
  "model_path": "models\\best_model.keras",
  "dataset_split": "data\\structure_dataset\\validation",
  "samples": 4488,
  "accuracy": 0.5254010695187166,
  "macro_precision": 0.560065120110014,
  "macro_recall": 0.5245567393500209,
  "macro_f1": 0.4695450433823604,
  "weighted_f1": 0.498887176022374,
  "per_class": {
    "biometry_abdomen": {
      "precision": 0.20898100172711573,
      "recall": 0.33798882681564246,
      "f1": 0.25827107790821774,
      "support": 358
    },
    "biometry_femur": {
      "precision": 0.4841802492809204,
      "recall": 0.9637404580152672,
      "f1": 0.6445437141033823,
      "support": 524
    },
    "brain_cerebellum": {
      "precision": 0.3901869158878505,
      "recall": 0.49262536873156343,
      "f1": 0.43546284224250326,
      "support": 339
    },
    "brain_skull": {
      "precision": 0.7603833865814696,
      "recall": 0.28640192539109505,
      "f1": 0.4160839160839161,
      "support": 831
    },
    "brain_ventricles": {
      "precision": 0.3525,
      "recall": 0.46688741721854304,
      "f1": 0.4017094017094017,
      "support": 302
    },
    "face_lips": {
      "precision": 0.3963963963963964,
      "recall": 0.4444444444444444,
      "f1": 0.41904761904761906,
      "support": 99
    },
    "face_nasal_bone": {
      "precision": 0.5,
      "recall": 0.010101010101010102,
      "f1": 0.019801980198019802,
      "support": 99
    },
    "face_profile": {
      "precision": 0.32926829268292684,
      "recall": 0.5510204081632653,
      "f1": 0.4122137404580153,
      "support": 98
    },
    "heart_four_chamber_view": {
      "precision": 0.9921875,
      "recall": 0.19242424242424241,
      "f1": 0.3223350253807107,
      "support": 660
    },
    "limbs_arms": {
      "precision": 0.6341463414634146,
      "recall": 0.978494623655914,
      "f1": 0.7695560253699789,
      "support": 372
    },
    "limbs_legs": {
      "precision": 0.9893617021276596,
      "recall": 0.5705521472392638,
      "f1": 0.7237354085603113,
      "support": 489
    },
    "organs_stomach": {
      "precision": 0.6831896551724138,
      "recall": 1.0,
      "f1": 0.8117797695262484,
      "support": 317
    }
  },
  "confusion_matrix": [
    [
      121,
      190,
      5,
      1,
      0,
      0,
      0,
      0,
      1,
      0,
      0,
      40
    ],
    [
      8,
      505,
      2,
      0,
      0,
      0,
      0,
      0,
      0,
      0,
      0,
      9
    ],
    [
      46,
      20,
      167,
      29,
      70,
      0,
      0,
      0,
      0,
      0,
      0,
      7
    ],
    [
      163,
      53,
      163,
      238,
      189,
      0,
      0,
      0,
      0,
      0,
      0,
      25
    ],
    [
      15,
      11,
      86,
      45,
      141,
      0,
      0,
      1,
      0,
      0,
      0,
      3
    ],
    [
      4,
      2,
      0,
      0,
      0,
      44,
      0,
      49,
      0,
      0,
      0,
      0
    ],
    [
      2,
      6,
      0,
      0,
      0,
      31,
      1,
      59,
      0,
      0,
      0,
      0
    ],
    [
      0,
      7,
      0,
      0,
      0,
      36,
      1,
      54,
      0,
      0,
      0,
      0
    ],
    [
      220,
      249,
      5,
      0,
      0,
      0,
      0,
      1,
      127,
      0,
      0,
      58
    ],
    [
      0,
      0,
      0,
      0,
      0,
      0,
      0,
      0,
      0,
      364,
      3,
      5
    ],
    [
      0,
      0,
      0,
      0,
      0,
      0,
      0,
      0,
      0,
      210,
      279,
      0
    ],
    [
      0,
      0,
      0,
      0,
      0,
      0,
      0,
      0,
      0,
      0,
      0,
      317
    ]
  ]
}