{
  "generated_at_utc": "2026-03-04T16:14:08.112110+00:00",
  "model_path": "models\\best_model.keras",
  "dataset_split": "data\\structure_dataset_clean12\\validation",
  "samples": 1542,
  "accuracy": 0.39299610894941633,
  "macro_precision": 0.3475504955260293,
  "macro_recall": 0.34980212198542865,
  "macro_f1": 0.29350887105731976,
  "weighted_f1": 0.35103039336213065,
  "per_class": {
    "biometry_abdomen": {
      "precision": 0.05555555555555555,
      "recall": 0.023529411764705882,
      "f1": 0.03305785123966942,
      "support": 85
    },
    "biometry_femur": {
      "precision": 0.5939849624060151,
      "recall": 0.7596153846153846,
      "f1": 0.6666666666666666,
      "support": 104
    },
    "brain_cerebellum": {
      "precision": 0.0,
      "recall": 0.0,
      "f1": 0.0,
      "support": 83
    },
    "brain_skull": {
      "precision": 0.6,
      "recall": 0.016853932584269662,
      "f1": 0.03278688524590164,
      "support": 178
    },
    "brain_ventricles": {
      "precision": 0.6428571428571429,
      "recall": 0.225,
      "f1": 0.3333333333333333,
      "support": 80
    },
    "face_lips": {
      "precision": 0.12849162011173185,
      "recall": 0.27058823529411763,
      "f1": 0.17424242424242425,
      "support": 85
    },
    "face_nasal_bone": {
      "precision": 0.0,
      "recall": 0.0,
      "f1": 0.0,
      "support": 83
    },
    "face_profile": {
      "precision": 0.11764705882352941,
      "recall": 0.7529411764705882,
      "f1": 0.20349761526232116,
      "support": 85
    },
    "heart_four_chamber_view": {
      "precision": 0.0,
      "recall": 0.0,
      "f1": 0.0,
      "support": 171
    },
    "limbs_arms": {
      "precision": 0.5923566878980892,
      "recall": 0.5,
      "f1": 0.5422740524781341,
      "support": 186
    },
    "limbs_legs": {
      "precision": 0.6818181818181818,
      "recall": 0.7377049180327869,
      "f1": 0.7086614173228346,
      "support": 244
    },
    "organs_stomach": {
      "precision": 0.7578947368421053,
      "recall": 0.9113924050632911,
      "f1": 0.8275862068965517,
      "support": 158
    }
  },
  "confusion_matrix": [
    [
      2,
      18,
      0,
      0,
      0,
      0,
      0,
      48,
      0,
      0,
      0,
      17
    ],
    [
      0,
      79,
      0,
      0,
      0,
      0,
      0,
      22,
      0,
      0,
      0,
      3
    ],
    [
      2,
      0,
      0,
      0,
      4,
      36,
      0,
      38,
      0,
      1,
      0,
      2
    ],
    [
      21,
      4,
      3,
      3,
      6,
      38,
      0,
      96,
      0,
      0,
      0,
      7
    ],
    [
      1,
      0,
      2,
      2,
      18,
      31,
      0,
      26,
      0,
      0,
      0,
      0
    ],
    [
      0,
      0,
      0,
      0,
      0,
      23,
      0,
      62,
      0,
      0,
      0,
      0
    ],
    [
      0,
      0,
      0,
      0,
      0,
      15,
      0,
      68,
      0,
      0,
      0,
      0
    ],
    [
      0,
      0,
      0,
      0,
      0,
      21,
      0,
      64,
      0,
      0,
      0,
      0
    ],
    [
      6,
      23,
      0,
      0,
      0,
      8,
      1,
      116,
      0,
      0,
      0,
      17
    ],
    [
      1,
      0,
      0,
      0,
      0,
      7,
      0,
      1,
      0,
      93,
      84,
      0
    ],
    [
      1,
      0,
      0,
      0,
      0,
      0,
      0,
      0,
      0,
      63,
      180,
      0
    ],
    [
      2,
      9,
      0,
      0,
      0,
      0,
      0,
      3,
      0,
      0,
      0,
      144
    ]
  ]
}