{
  "generated_at_utc": "2026-03-04T16:15:11.510198+00:00",
  "model_path": "models\\best_model.keras",
  "dataset_split": "data\\structure_dataset_clean12\\test",
  "samples": 1559,
  "accuracy": 0.38486209108402825,
  "macro_precision": 0.40155661479513155,
  "macro_recall": 0.34318150210708476,
  "macro_f1": 0.2959203453756111,
  "weighted_f1": 0.34826962994696053,
  "per_class": {
    "biometry_abdomen": {
      "precision": 0.16129032258064516,
      "recall": 0.05747126436781609,
      "f1": 0.0847457627118644,
      "support": 87
    },
    "biometry_femur": {
      "precision": 0.59375,
      "recall": 0.7307692307692307,
      "f1": 0.6551724137931034,
      "support": 104
    },
    "brain_cerebellum": {
      "precision": 0.2857142857142857,
      "recall": 0.023529411764705882,
      "f1": 0.043478260869565216,
      "support": 85
    },
    "brain_skull": {
      "precision": 0.5,
      "recall": 0.01675977653631285,
      "f1": 0.032432432432432434,
      "support": 179
    },
    "brain_ventricles": {
      "precision": 0.5483870967741935,
      "recall": 0.20987654320987653,
      "f1": 0.30357142857142855,
      "support": 81
    },
    "face_lips": {
      "precision": 0.12121212121212122,
      "recall": 0.22988505747126436,
      "f1": 0.15873015873015872,
      "support": 87
    },
    "face_nasal_bone": {
      "precision": 0.5,
      "recall": 0.023529411764705882,
      "f1": 0.0449438202247191,
      "support": 85
    },
    "face_profile": {
      "precision": 0.10664335664335664,
      "recall": 0.7093023255813954,
      "f1": 0.18541033434650456,
      "support": 86
    },
    "heart_four_chamber_view": {
      "precision": 0.0,
      "recall": 0.0,
      "f1": 0.0,
      "support": 173
    },
    "limbs_arms": {
      "precision": 0.5714285714285714,
      "recall": 0.44919786096256686,
      "f1": 0.5029940119760479,
      "support": 187
    },
    "limbs_legs": {
      "precision": 0.6594202898550725,
      "recall": 0.7428571428571429,
      "f1": 0.6986564299424184,
      "support": 245
    },
    "organs_stomach": {
      "precision": 0.7708333333333334,
      "recall": 0.925,
      "f1": 0.8409090909090909,
      "support": 160
    }
  },
  "confusion_matrix": [
    [
      5,
      22,
      0,
      0,
      0,
      1,
      0,
      36,
      0,
      0,
      0,
      23
    ],
    [
      0,
      76,
      0,
      0,
      0,
      0,
      0,
      26,
      0,
      0,
      0,
      2
    ],
    [
      2,
      0,
      2,
      0,
      4,
      31,
      0,
      44,
      0,
      0,
      0,
      2
    ],
    [
      17,
      2,
      3,
      3,
      10,
      37,
      0,
      100,
      0,
      0,
      0,
      7
    ],
    [
      1,
      1,
      2,
      3,
      17,
      27,
      0,
      30,
      0,
      0,
      0,
      0
    ],
    [
      0,
      0,
      0,
      0,
      0,
      20,
      0,
      67,
      0,
      0,
      0,
      0
    ],
    [
      0,
      0,
      0,
      0,
      0,
      15,
      2,
      68,
      0,
      0,
      0,
      0
    ],
    [
      0,
      0,
      0,
      0,
      0,
      24,
      1,
      61,
      0,
      0,
      0,
      0
    ],
    [
      4,
      16,
      0,
      0,
      0,
      3,
      1,
      139,
      0,
      0,
      0,
      10
    ],
    [
      2,
      0,
      0,
      0,
      0,
      7,
      0,
      0,
      0,
      84,
      94,
      0
    ],
    [
      0,
      0,
      0,
      0,
      0,
      0,
      0,
      0,
      0,
      63,
      182,
      0
    ],
    [
      0,
      11,
      0,
      0,
      0,
      0,
      0,
      1,
      0,
      0,
      0,
      148
    ]
  ]
}