{
  "generated_at_utc": "2026-03-05T16:29:59.444055+00:00",
  "model_path": "models\\experiments\\clean12_qc1_30e\\best_model.keras",
  "dataset_split": "data\\structure_dataset_clean12\\validation",
  "samples": 1542,
  "accuracy": 0.25616083009079116,
  "macro_precision": 0.18695595594337014,
  "macro_recall": 0.16129326310920267,
  "macro_f1": 0.10956401940771383,
  "weighted_f1": 0.15596541267345496,
  "per_class": {
    "biometry_abdomen": {
      "precision": 0.0,
      "recall": 0.0,
      "f1": 0.0,
      "support": 85
    },
    "biometry_femur": {
      "precision": 0.0,
      "recall": 0.0,
      "f1": 0.0,
      "support": 104
    },
    "brain_cerebellum": {
      "precision": 0.0,
      "recall": 0.0,
      "f1": 0.0,
      "support": 83
    },
    "brain_skull": {
      "precision": 0.0,
      "recall": 0.0,
      "f1": 0.0,
      "support": 178
    },
    "brain_ventricles": {
      "precision": 0.0,
      "recall": 0.0,
      "f1": 0.0,
      "support": 80
    },
    "face_lips": {
      "precision": 0.75,
      "recall": 0.03529411764705882,
      "f1": 0.06741573033707865,
      "support": 85
    },
    "face_nasal_bone": {
      "precision": 0.3333333333333333,
      "recall": 0.012048192771084338,
      "f1": 0.023255813953488372,
      "support": 83
    },
    "face_profile": {
      "precision": 0.14285714285714285,
      "recall": 0.011764705882352941,
      "f1": 0.021739130434782608,
      "support": 85
    },
    "heart_four_chamber_view": {
      "precision": 0.0,
      "recall": 0.0,
      "f1": 0.0,
      "support": 171
    },
    "limbs_arms": {
      "precision": 0.10526315789473684,
      "recall": 0.26881720430107525,
      "f1": 0.15128593040847202,
      "support": 186
    },
    "limbs_legs": {
      "precision": 0.27201783723522854,
      "recall": 1.0,
      "f1": 0.42769500438212094,
      "support": 244
    },
    "organs_stomach": {
      "precision": 0.64,
      "recall": 0.6075949367088608,
      "f1": 0.6233766233766234,
      "support": 158
    }
  },
  "confusion_matrix": [
    [
      0,
      0,
      0,
      0,
      0,
      0,
      0,
      0,
      0,
      22,
      56,
      7
    ],
    [
      0,
      0,
      0,
      0,
      0,
      0,
      0,
      0,
      0,
      4,
      68,
      32
    ],
    [
      0,
      0,
      0,
      1,
      0,
      0,
      0,
      0,
      0,
      81,
      1,
      0
    ],
    [
      0,
      0,
      0,
      0,
      0,
      0,
      0,
      0,
      0,
      162,
      14,
      2
    ],
    [
      0,
      0,
      0,
      5,
      0,
      0,
      0,
      0,
      0,
      74,
      1,
      0
    ],
    [
      0,
      0,
      0,
      0,
      0,
      3,
      1,
      1,
      0,
      1,
      79,
      0
    ],
    [
      0,
      0,
      0,
      0,
      0,
      1,
      1,
      5,
      0,
      2,
      74,
      0
    ],
    [
      0,
      0,
      0,
      0,
      0,
      0,
      1,
      1,
      0,
      2,
      81,
      0
    ],
    [
      0,
      0,
      0,
      0,
      0,
      0,
      0,
      0,
      0,
      73,
      85,
      13
    ],
    [
      0,
      0,
      0,
      0,
      0,
      0,
      0,
      0,
      0,
      50,
      136,
      0
    ],
    [
      0,
      0,
      0,
      0,
      0,
      0,
      0,
      0,
      0,
      0,
      244,
      0
    ],
    [
      0,
      0,
      0,
      0,
      0,
      0,
      0,
      0,
      0,
      4,
      58,
      96
    ]
  ]
}