{
  "generated_at_utc": "2026-03-05T16:30:28.750870+00:00",
  "model_path": "models\\experiments\\clean12_qc1_30e\\best_model.keras",
  "dataset_split": "data\\structure_dataset_clean12\\test",
  "samples": 1559,
  "accuracy": 0.2501603592046183,
  "macro_precision": 0.1883444650634015,
  "macro_recall": 0.15804921328028368,
  "macro_f1": 0.10683095466435084,
  "weighted_f1": 0.15208325928058167,
  "per_class": {
    "biometry_abdomen": {
      "precision": 0.0,
      "recall": 0.0,
      "f1": 0.0,
      "support": 87
    },
    "biometry_femur": {
      "precision": 0.0,
      "recall": 0.0,
      "f1": 0.0,
      "support": 104
    },
    "brain_cerebellum": {
      "precision": 0.0,
      "recall": 0.0,
      "f1": 0.0,
      "support": 85
    },
    "brain_skull": {
      "precision": 0.42857142857142855,
      "recall": 0.01675977653631285,
      "f1": 0.03225806451612903,
      "support": 179
    },
    "brain_ventricles": {
      "precision": 0.0,
      "recall": 0.0,
      "f1": 0.0,
      "support": 81
    },
    "face_lips": {
      "precision": 0.4,
      "recall": 0.022988505747126436,
      "f1": 0.043478260869565216,
      "support": 87
    },
    "face_nasal_bone": {
      "precision": 0.0,
      "recall": 0.0,
      "f1": 0.0,
      "support": 85
    },
    "face_profile": {
      "precision": 0.5,
      "recall": 0.03488372093023256,
      "f1": 0.06521739130434782,
      "support": 86
    },
    "heart_four_chamber_view": {
      "precision": 0.0,
      "recall": 0.0,
      "f1": 0.0,
      "support": 173
    },
    "limbs_arms": {
      "precision": 0.08189655172413793,
      "recall": 0.20320855614973263,
      "f1": 0.11674347158218126,
      "support": 187
    },
    "limbs_legs": {
      "precision": 0.27071823204419887,
      "recall": 1.0,
      "f1": 0.4260869565217391,
      "support": 245
    },
    "organs_stomach": {
      "precision": 0.5789473684210527,
      "recall": 0.61875,
      "f1": 0.5981873111782477,
      "support": 160
    }
  },
  "confusion_matrix": [
    [
      0,
      0,
      0,
      0,
      0,
      0,
      0,
      0,
      0,
      18,
      61,
      8
    ],
    [
      0,
      0,
      0,
      0,
      0,
      0,
      0,
      0,
      0,
      10,
      61,
      33
    ],
    [
      0,
      0,
      0,
      0,
      1,
      0,
      0,
      0,
      0,
      79,
      1,
      4
    ],
    [
      0,
      0,
      0,
      3,
      0,
      0,
      0,
      0,
      0,
      164,
      11,
      1
    ],
    [
      0,
      0,
      0,
      4,
      0,
      0,
      0,
      0,
      0,
      76,
      1,
      0
    ],
    [
      0,
      0,
      0,
      0,
      0,
      2,
      0,
      1,
      0,
      0,
      84,
      0
    ],
    [
      0,
      0,
      0,
      0,
      0,
      1,
      0,
      2,
      0,
      1,
      81,
      0
    ],
    [
      0,
      0,
      0,
      0,
      0,
      2,
      0,
      3,
      0,
      4,
      77,
      0
    ],
    [
      0,
      0,
      0,
      0,
      0,
      0,
      0,
      0,
      0,
      74,
      73,
      26
    ],
    [
      0,
      0,
      0,
      0,
      0,
      0,
      0,
      0,
      0,
      38,
      149,
      0
    ],
    [
      0,
      0,
      0,
      0,
      0,
      0,
      0,
      0,
      0,
      0,
      245,
      0
    ],
    [
      0,
      0,
      0,
      0,
      0,
      0,
      0,
      0,
      0,
      0,
      61,
      99
    ]
  ]
}